{"Rhyolite": [1.0, 0.335, 0.17, 1.0],
"Granite": [0.9, 0.288, 0.1, 1.0], 
 "Dacite": [0.109, 0.577, 0.953, 1.0],
 "Picrite": [0.457, 0.998, 0.731, 1.0],
 "Melilitite": [0.5, 1.0, 0.707, 1.0],
 "Basanite": [0.283, 0.942, 0.817, 1.0],
 "Nephelinite": [1.0, 0.46, 0.237, 1.0],
 "Gabbro": [0.196, 0.46, 0.972, 1.0],
 "Trachydolerite": [0.022, 0.683, 0.93, 1.0],
 "Basalt": [0.674, 0.963, 0.604, 1.0],
 "Dolerite": [0.239, 0.398, 0.979, 1.0],
 "Diabase": [0.283, 0.335, 0.985, 1.0],
 "Leucitite": [0.978, 0.731, 0.398, 1.0],
 "Lamproite": [1.0, 0.577, 0.303, 1.0],
 "Komatiite": [0.935, 0.776, 0.429, 1.0],
 "Diorite": [1.0, 0.398, 0.203, 1.0],
 "Trachyandesite": [0.5, 0.0, 1.0, 1.0],
 "Kimberlite": [1.0, 0.27, 0.136, 1.0],
 "Granodiorite": [0.848, 0.854, 0.49, 1.0],
 "Peridotite": [0.196, 0.888, 0.854, 1.0],
 "Tholeiite": [0.587, 0.991, 0.657, 1.0],
 "Shoshonite": [0.326, 0.27, 0.991, 1.0],
 "Lamprophyre": [1.0, 0.136, 0.068, 1.0],
 "Adakite": [0.152, 0.854, 0.872, 1.0],
 "Carbonatite": [0.326, 0.963, 0.797, 1.0],
 "Tonalite":[0.1305, 0.7155, 0.9125, 1.0],
 "Dunite": [0.9675, 0.523, 0.2825, 1.0],
 "Orthopyroxenite": [0.37, 0.797, 0.773, 1.0],
 "Pyroxenite": [0.8045, 0.8695, 0.5165, 1.0],
 "Wehrlite": [0.886, 0.69625, 0.3995, 1.0],
"Harzburgite": [0.95125, 0.6495, 0.35575, 1.0],
 "Lherzolite":[0.98375, 0.3965, 0.20925, 1.0],
 "Phoscorite": [0.5, 0.135, 0.068, 1.0]
}